experience_id,city,currency,category,supplier_id,price_usd,price_local,rating,reviews_count,capacity_per_day,duration_hours
EXP-0001,Rome,EUR,Shows & Musicals,SUP-040,59.29,54.9,4.54,3156,35,5.7
EXP-0002,Rome,EUR,Attraction Tickets,SUP-011,31.72,29.37,4.2,3182,84,9.4
EXP-0003,Tokyo,JPY,Guided Tours,SUP-039,99.09,14789.55,4.44,639,384,5.6
EXP-0004,London,GBP,Attraction Tickets,SUP-047,56.63,44.59,4.95,1787,376,6.4
EXP-0005,Dubai,AED,Guided Tours,SUP-029,73.16,270.96,4.4,3405,186,1.7
EXP-0006,Barcelona,EUR,Food Experiences,SUP-051,45.52,42.15,4.24,1290,61,7.2
EXP-0007,Paris,EUR,Shows & Musicals,SUP-012,129.97,120.34,4.53,1309,60,9.3
EXP-0008,Tokyo,JPY,Attraction Tickets,SUP-021,61.07,9114.93,4.95,1267,335,8.4
EXP-0009,Tokyo,JPY,Food Experiences,SUP-036,56.82,8480.6,4.46,3625,117,9.5
EXP-0010,Rome,EUR,Attraction Tickets,SUP-003,53.28,49.33,4.18,640,358,7.9
EXP-0011,New York,USD,Food Experiences,SUP-044,73.91,73.91,4.83,127,313,7.1
EXP-0012,London,GBP,Attraction Tickets,SUP-019,73.54,57.91,4.55,61,375,3.5
EXP-0013,Paris,EUR,Cruises,SUP-001,81.46,75.43,4.4,1494,247,8.9
EXP-0014,Paris,EUR,Guided Tours,SUP-009,117.74,109.02,4.4,2017,210,2.7
EXP-0015,Tokyo,JPY,Attraction Tickets,SUP-016,33.57,5010.45,4.66,3878,66,5.8
EXP-0016,Tokyo,JPY,Day Trips,SUP-039,99.97,14920.9,4.42,139,291,7.8
EXP-0017,New York,USD,Attraction Tickets,SUP-010,85.29,85.29,4.38,3893,134,5.7
EXP-0018,Dubai,AED,Food Experiences,SUP-033,56.48,209.19,4.33,2016,29,6.2
EXP-0019,Rome,EUR,Attraction Tickets,SUP-040,34.12,31.59,4.56,65,387,6.6
EXP-0020,Rome,EUR,Cruises,SUP-056,125.43,116.14,4.35,3394,26,2.4
EXP-0021,Barcelona,EUR,Cruises,SUP-051,92.57,85.71,4.46,3069,250,8.9
EXP-0022,New York,USD,Guided Tours,SUP-032,77.42,77.42,4.78,490,267,8.9
EXP-0023,Barcelona,EUR,Attraction Tickets,SUP-043,40.38,37.39,4.23,3369,330,2.4
EXP-0024,Tokyo,JPY,Day Trips,SUP-016,91.93,13720.9,4.93,1302,137,2.7
EXP-0025,Tokyo,JPY,Attraction Tickets,SUP-046,43.51,6494.03,4.47,1844,63,1.7
EXP-0026,Singapore,SGD,Attraction Tickets,SUP-004,28.47,38.47,4.62,2083,278,4.8
EXP-0027,New York,USD,Day Trips,SUP-024,201.25,201.25,4.32,2164,36,3.0
EXP-0028,Tokyo,JPY,Attraction Tickets,SUP-021,62.13,9273.13,4.6,1157,38,4.7
EXP-0029,Tokyo,JPY,Attraction Tickets,SUP-037,79.17,11816.42,4.57,1640,371,2.3
EXP-0030,New York,USD,Food Experiences,SUP-044,108.47,108.47,4.38,2334,316,7.0
EXP-0031,Dubai,AED,Attraction Tickets,SUP-049,59.84,221.63,4.54,3869,345,5.4
EXP-0032,New York,USD,Shows & Musicals,SUP-024,79.31,79.31,4.41,1757,201,5.0
EXP-0033,Dubai,AED,Guided Tours,SUP-008,76.64,283.85,4.42,1758,164,7.3
EXP-0034,Rome,EUR,Food Experiences,SUP-011,103.73,96.05,4.93,3090,144,6.1
EXP-0035,Tokyo,JPY,Shows & Musicals,SUP-041,138.48,20668.66,4.43,3074,260,3.9
EXP-0036,Rome,EUR,Attraction Tickets,SUP-048,70.16,64.96,4.45,3811,253,2.3
EXP-0037,Dubai,AED,Attraction Tickets,SUP-035,85.84,317.93,4.48,3841,384,8.3
EXP-0038,London,GBP,Cruises,SUP-031,171.32,134.9,4.25,396,116,6.5
EXP-0039,Paris,EUR,Shows & Musicals,SUP-001,68.84,63.74,4.79,71,237,5.5
EXP-0040,Singapore,SGD,Cruises,SUP-045,171.89,232.28,4.9,973,247,9.4
EXP-0041,New York,USD,Attraction Tickets,SUP-010,30.7,30.7,4.59,2926,179,8.1
EXP-0042,Rome,EUR,Guided Tours,SUP-048,129.84,120.22,4.56,2552,122,4.6
EXP-0043,Dubai,AED,Attraction Tickets,SUP-008,34.61,128.19,4.75,2237,186,4.8
EXP-0044,Rome,EUR,Day Trips,SUP-048,210.42,194.83,4.55,2466,202,4.7
EXP-0045,Singapore,SGD,Shows & Musicals,SUP-060,154.63,208.96,4.64,1113,343,6.9
EXP-0046,Paris,EUR,Day Trips,SUP-001,172.91,160.1,4.53,418,192,8.5
EXP-0047,London,GBP,Day Trips,SUP-019,136.35,107.36,4.61,2081,369,8.1
EXP-0048,Dubai,AED,Food Experiences,SUP-005,100.94,373.85,4.38,3120,338,2.4
EXP-0049,Singapore,SGD,Shows & Musicals,SUP-060,121.51,164.2,4.69,2735,360,1.7
EXP-0050,Rome,EUR,Attraction Tickets,SUP-011,75.49,69.9,4.71,97,366,7.1
EXP-0051,Tokyo,JPY,Attraction Tickets,SUP-016,28.36,4232.84,4.0,3920,324,3.5
EXP-0052,Barcelona,EUR,Attraction Tickets,SUP-053,77.06,71.35,4.43,516,313,7.4
EXP-0053,New York,USD,Attraction Tickets,SUP-044,38.12,38.12,4.84,2211,259,8.7
EXP-0054,London,GBP,Shows & Musicals,SUP-017,71.23,56.09,4.41,435,289,9.8
EXP-0055,Singapore,SGD,Attraction Tickets,SUP-045,65.06,87.92,4.62,907,355,7.5
EXP-0056,London,GBP,Attraction Tickets,SUP-017,36.93,29.08,4.23,2384,194,8.2
EXP-0057,Barcelona,EUR,Day Trips,SUP-050,91.77,84.97,4.83,2183,134,6.4
EXP-0058,Dubai,AED,Shows & Musicals,SUP-035,153.47,568.41,4.6,1868,213,4.9
EXP-0059,Tokyo,JPY,Attraction Tickets,SUP-037,33.72,5032.84,4.54,409,135,5.1
EXP-0060,New York,USD,Shows & Musicals,SUP-032,95.3,95.3,4.29,3366,102,6.5
EXP-0061,Dubai,AED,Attraction Tickets,SUP-008,52.2,193.33,4.95,625,105,6.4
EXP-0062,Barcelona,EUR,Shows & Musicals,SUP-050,121.27,112.29,4.55,2481,140,8.2
EXP-0063,Barcelona,EUR,Guided Tours,SUP-050,102.6,95.0,4.95,3848,214,7.8
EXP-0064,Dubai,AED,Food Experiences,SUP-049,72.77,269.52,4.46,1104,323,4.2
EXP-0065,Dubai,AED,Day Trips,SUP-049,87.38,323.63,4.67,3479,339,2.0
EXP-0066,Paris,EUR,Guided Tours,SUP-012,57.3,53.06,4.73,303,302,1.6
EXP-0067,London,GBP,Food Experiences,SUP-047,62.92,49.54,4.72,988,248,2.5
EXP-0068,Dubai,AED,Food Experiences,SUP-015,109.66,406.15,4.61,1720,138,7.3
EXP-0069,Rome,EUR,Guided Tours,SUP-048,104.09,96.38,4.48,2712,99,6.0
EXP-0070,London,GBP,Attraction Tickets,SUP-017,79.36,62.49,4.91,3833,231,8.6
EXP-0071,New York,USD,Attraction Tickets,SUP-054,54.14,54.14,4.39,1341,50,7.9
EXP-0072,Paris,EUR,Day Trips,SUP-018,92.6,85.74,4.26,1006,364,1.9
EXP-0073,Singapore,SGD,Guided Tours,SUP-013,89.02,120.3,4.79,2904,207,2.2
EXP-0074,Barcelona,EUR,Cruises,SUP-020,149.26,138.2,4.46,1650,274,8.0
EXP-0075,Dubai,AED,Guided Tours,SUP-005,93.95,347.96,4.67,3728,340,5.6
EXP-0076,Dubai,AED,Food Experiences,SUP-035,72.86,269.85,4.42,1247,243,8.7
EXP-0077,London,GBP,Day Trips,SUP-019,149.71,117.88,4.28,126,171,9.3
EXP-0078,Singapore,SGD,Attraction Tickets,SUP-045,47.03,63.55,4.68,1066,29,9.4
EXP-0079,Singapore,SGD,Guided Tours,SUP-022,99.85,134.93,4.48,1685,125,7.5
EXP-0080,Dubai,AED,Food Experiences,SUP-033,81.53,301.96,4.81,3939,309,9.2
EXP-0081,Dubai,AED,Food Experiences,SUP-035,93.65,346.85,4.23,333,63,7.7
EXP-0082,New York,USD,Day Trips,SUP-026,168.12,168.12,4.9,464,394,3.9
EXP-0083,New York,USD,Shows & Musicals,SUP-038,88.11,88.11,4.09,1219,35,8.1
EXP-0084,Tokyo,JPY,Food Experiences,SUP-037,69.87,10428.36,4.06,997,176,8.2
EXP-0085,Singapore,SGD,Day Trips,SUP-004,190.31,257.18,4.64,1800,332,1.8
EXP-0086,Paris,EUR,Attraction Tickets,SUP-012,32.1,29.72,4.56,3060,291,8.1
EXP-0087,Paris,EUR,Shows & Musicals,SUP-055,138.1,127.87,4.56,3634,109,6.8
EXP-0088,Rome,EUR,Attraction Tickets,SUP-056,58.45,54.12,4.35,2141,31,4.9
EXP-0089,Singapore,SGD,Shows & Musicals,SUP-060,76.14,102.89,3.9,2115,152,8.8
EXP-0090,Tokyo,JPY,Day Trips,SUP-036,129.54,19334.33,4.43,2216,356,3.1
EXP-0091,Singapore,SGD,Guided Tours,SUP-004,111.76,151.03,4.67,2152,399,4.0
EXP-0092,New York,USD,Attraction Tickets,SUP-026,62.37,62.37,4.07,278,169,9.3
EXP-0093,Rome,EUR,Attraction Tickets,SUP-025,48.75,45.14,4.22,1429,96,1.7
EXP-0094,Barcelona,EUR,Shows & Musicals,SUP-043,87.76,81.26,4.42,3554,384,7.9
EXP-0095,Dubai,AED,Guided Tours,SUP-029,129.7,480.37,4.07,2259,143,9.2
EXP-0096,Barcelona,EUR,Shows & Musicals,SUP-050,114.98,106.46,4.57,139,133,3.6
EXP-0097,Barcelona,EUR,Attraction Tickets,SUP-020,81.83,75.77,4.6,280,233,8.2
EXP-0098,Dubai,AED,Guided Tours,SUP-049,87.63,324.56,4.81,2372,276,8.4
EXP-0099,Singapore,SGD,Cruises,SUP-060,85.93,116.12,4.7,1305,58,7.0
EXP-0100,Barcelona,EUR,Day Trips,SUP-053,134.95,124.95,4.74,3754,384,2.4
EXP-0101,Barcelona,EUR,Attraction Tickets,SUP-014,29.26,27.09,4.27,1084,216,4.2
EXP-0102,Paris,EUR,Attraction Tickets,SUP-001,49.99,46.29,4.76,3595,285,3.3
EXP-0103,Tokyo,JPY,Guided Tours,SUP-036,81.66,12188.06,4.5,1188,62,8.8
EXP-0104,Rome,EUR,Day Trips,SUP-003,143.43,132.81,4.11,1664,183,8.1
EXP-0105,London,GBP,Guided Tours,SUP-047,72.25,56.89,3.93,3660,202,7.3
EXP-0106,Barcelona,EUR,Guided Tours,SUP-020,133.04,123.19,4.21,1999,195,7.5
EXP-0107,Rome,EUR,Attraction Tickets,SUP-003,33.98,31.46,4.57,395,23,3.1
EXP-0108,New York,USD,Attraction Tickets,SUP-007,65.31,65.31,4.75,391,236,6.5
EXP-0109,Singapore,SGD,Attraction Tickets,SUP-060,80.47,108.74,4.95,1852,81,8.1
EXP-0110,Tokyo,JPY,Guided Tours,SUP-041,131.88,19683.58,4.25,3874,249,9.9
EXP-0111,Paris,EUR,Cruises,SUP-012,104.58,96.83,4.66,487,248,3.3
EXP-0112,Dubai,AED,Guided Tours,SUP-015,47.81,177.07,4.59,2954,151,1.7
EXP-0113,Singapore,SGD,Shows & Musicals,SUP-004,127.89,172.82,4.93,3310,140,9.1
EXP-0114,Rome,EUR,Attraction Tickets,SUP-040,34.34,31.8,4.23,278,85,5.8
EXP-0115,Paris,EUR,Attraction Tickets,SUP-059,26.08,24.15,4.95,2328,242,2.6
EXP-0116,Dubai,AED,Food Experiences,SUP-058,75.22,278.59,4.23,762,123,1.9
EXP-0117,London,GBP,Guided Tours,SUP-031,106.36,83.75,4.05,791,26,6.6
EXP-0118,Rome,EUR,Food Experiences,SUP-011,54.02,50.02,4.29,773,230,4.9
EXP-0119,New York,USD,Shows & Musicals,SUP-032,112.36,112.36,4.47,2881,393,5.1
EXP-0120,Tokyo,JPY,Attraction Tickets,SUP-037,76.74,11453.73,4.56,1734,175,2.3
EXP-0121,New York,USD,Guided Tours,SUP-044,108.26,108.26,4.57,1464,385,3.0
EXP-0122,Singapore,SGD,Food Experiences,SUP-013,103.44,139.78,4.21,1396,198,7.7
EXP-0123,Singapore,SGD,Guided Tours,SUP-060,91.7,123.92,4.8,2624,297,8.2
EXP-0124,Tokyo,JPY,Attraction Tickets,SUP-037,83.76,12501.49,4.31,3450,323,2.3
EXP-0125,Paris,EUR,Shows & Musicals,SUP-009,52.55,48.66,4.95,3952,163,7.6
EXP-0126,Tokyo,JPY,Guided Tours,SUP-046,71.91,10732.84,4.95,2302,240,5.0
EXP-0127,Paris,EUR,Food Experiences,SUP-030,70.07,64.88,4.73,1378,163,4.8
EXP-0128,New York,USD,Attraction Tickets,SUP-010,69.5,69.5,4.02,133,382,3.6
EXP-0129,Rome,EUR,Cruises,SUP-003,183.35,169.77,4.33,1933,96,3.1
EXP-0130,London,GBP,Day Trips,SUP-031,108.92,85.76,4.57,73,202,9.7
EXP-0131,Rome,EUR,Day Trips,SUP-040,86.6,80.19,4.5,576,132,8.0
EXP-0132,Barcelona,EUR,Food Experiences,SUP-053,108.84,100.78,4.22,1445,382,2.1
EXP-0133,London,GBP,Guided Tours,SUP-017,95.29,75.03,3.87,3273,341,6.7
EXP-0134,London,GBP,Attraction Tickets,SUP-031,41.46,32.65,4.42,462,343,6.5
EXP-0135,Dubai,AED,Guided Tours,SUP-035,77.13,285.67,4.6,479,308,8.1
EXP-0136,Paris,EUR,Food Experiences,SUP-009,44.05,40.79,4.44,2917,58,3.7
EXP-0137,Rome,EUR,Attraction Tickets,SUP-056,51.88,48.04,4.64,773,113,7.5
EXP-0138,Rome,EUR,Food Experiences,SUP-056,60.45,55.97,4.63,2890,114,3.6
EXP-0139,Barcelona,EUR,Food Experiences,SUP-014,101.6,94.07,4.36,1340,216,5.7
EXP-0140,London,GBP,Day Trips,SUP-031,135.18,106.44,4.52,1464,67,9.6
EXP-0141,Paris,EUR,Food Experiences,SUP-018,47.27,43.77,4.65,3840,98,3.7
EXP-0142,New York,USD,Attraction Tickets,SUP-007,84.6,84.6,4.72,3665,251,5.5
EXP-0143,Tokyo,JPY,Day Trips,SUP-036,98.09,14640.3,3.8,604,330,7.8
EXP-0144,Barcelona,EUR,Attraction Tickets,SUP-043,84.84,78.56,4.21,2254,39,4.4
EXP-0145,Paris,EUR,Shows & Musicals,SUP-055,132.59,122.77,4.6,3316,100,9.4
EXP-0146,Dubai,AED,Shows & Musicals,SUP-015,50.25,186.11,4.16,1151,126,2.0
EXP-0147,London,GBP,Attraction Tickets,SUP-028,34.9,27.48,4.47,2007,169,9.3
EXP-0148,Singapore,SGD,Shows & Musicals,SUP-013,100.72,136.11,4.4,2646,247,5.5
EXP-0149,Dubai,AED,Guided Tours,SUP-058,57.72,213.78,4.68,3945,341,1.8
EXP-0150,Tokyo,JPY,Food Experiences,SUP-037,91.22,13614.93,4.65,1833,221,7.1
EXP-0151,Rome,EUR,Food Experiences,SUP-011,62.48,57.85,4.83,1601,173,6.3
EXP-0152,Rome,EUR,Day Trips,SUP-048,206.06,190.8,4.71,790,265,4.4
EXP-0153,Singapore,SGD,Guided Tours,SUP-022,52.58,71.05,4.59,1326,273,7.1
EXP-0154,Singapore,SGD,Attraction Tickets,SUP-045,46.23,62.47,4.86,683,315,8.8
EXP-0155,New York,USD,Shows & Musicals,SUP-023,64.23,64.23,4.43,3072,72,3.9
EXP-0156,Barcelona,EUR,Food Experiences,SUP-051,50.19,46.47,4.65,2202,286,9.6
EXP-0157,Dubai,AED,Guided Tours,SUP-033,102.55,379.81,4.76,2883,390,4.9
EXP-0158,London,GBP,Attraction Tickets,SUP-042,51.0,40.16,4.5,3851,251,5.3
EXP-0159,Rome,EUR,Food Experiences,SUP-056,59.17,54.79,4.74,2830,206,6.9
EXP-0160,New York,USD,Attraction Tickets,SUP-024,84.32,84.32,4.64,1291,340,9.8
EXP-0161,Paris,EUR,Cruises,SUP-034,166.76,154.41,4.95,2519,193,3.5
EXP-0162,Dubai,AED,Guided Tours,SUP-033,65.78,243.63,4.61,1475,175,3.4
EXP-0163,Singapore,SGD,Food Experiences,SUP-057,47.58,64.3,4.48,195,147,8.3
EXP-0164,Rome,EUR,Attraction Tickets,SUP-056,75.33,69.75,4.22,496,168,10.0
EXP-0165,Barcelona,EUR,Attraction Tickets,SUP-020,52.48,48.59,4.95,3515,374,9.8
EXP-0166,Singapore,SGD,Attraction Tickets,SUP-004,76.4,103.24,4.52,1925,356,7.1
EXP-0167,London,GBP,Cruises,SUP-002,84.69,66.69,4.43,2045,229,5.8
EXP-0168,Barcelona,EUR,Shows & Musicals,SUP-051,159.12,147.33,4.81,459,56,7.7
EXP-0169,Paris,EUR,Guided Tours,SUP-059,86.12,79.74,4.65,871,39,7.2
EXP-0170,New York,USD,Cruises,SUP-024,176.5,176.5,4.3,3748,178,4.2
EXP-0171,Rome,EUR,Cruises,SUP-048,128.78,119.24,4.44,1098,74,9.0
EXP-0172,Tokyo,JPY,Attraction Tickets,SUP-016,59.7,8910.45,4.25,2059,40,1.5
EXP-0173,Paris,EUR,Cruises,SUP-018,64.88,60.07,4.43,2997,332,2.9
EXP-0174,Paris,EUR,Food Experiences,SUP-009,96.73,89.56,4.43,1840,331,2.3
EXP-0175,London,GBP,Shows & Musicals,SUP-028,78.32,61.67,4.51,837,211,7.9
EXP-0176,Singapore,SGD,Guided Tours,SUP-022,61.92,83.68,4.36,2608,305,2.5
EXP-0177,New York,USD,Attraction Tickets,SUP-007,36.4,36.4,4.76,282,171,9.9
EXP-0178,New York,USD,Shows & Musicals,SUP-010,99.36,99.36,4.53,767,352,9.8
EXP-0179,Tokyo,JPY,Attraction Tickets,SUP-046,39.35,5873.13,4.41,3788,129,7.7
EXP-0180,Paris,EUR,Day Trips,SUP-030,194.28,179.89,4.95,1878,30,1.9
EXP-0181,Tokyo,JPY,Day Trips,SUP-039,109.03,16273.13,4.25,1063,308,8.5
EXP-0182,Barcelona,EUR,Guided Tours,SUP-050,67.07,62.1,4.6,683,139,6.3
EXP-0183,Singapore,SGD,Attraction Tickets,SUP-057,25.07,33.88,4.16,2408,359,7.0
EXP-0184,New York,USD,Food Experiences,SUP-010,70.25,70.25,4.75,3368,375,2.0
EXP-0185,Barcelona,EUR,Day Trips,SUP-020,99.32,91.96,4.27,146,101,2.3
EXP-0186,London,GBP,Guided Tours,SUP-017,57.61,45.36,4.47,2620,346,4.2
EXP-0187,Barcelona,EUR,Attraction Tickets,SUP-043,48.23,44.66,4.57,3720,251,3.2
EXP-0188,New York,USD,Food Experiences,SUP-044,42.49,42.49,4.16,241,63,6.8
EXP-0189,London,GBP,Food Experiences,SUP-002,91.57,72.1,4.82,2780,219,10.0
EXP-0190,London,GBP,Guided Tours,SUP-002,72.39,57.0,4.36,382,239,8.4
EXP-0191,Tokyo,JPY,Food Experiences,SUP-021,72.4,10805.97,4.52,3228,171,6.5
EXP-0192,London,GBP,Guided Tours,SUP-017,59.32,46.71,4.89,3202,349,6.5
EXP-0193,Dubai,AED,Guided Tours,SUP-015,83.15,307.96,4.52,1541,372,9.4
EXP-0194,Singapore,SGD,Guided Tours,SUP-022,85.1,115.0,4.88,1559,195,7.1
EXP-0195,Barcelona,EUR,Guided Tours,SUP-050,74.57,69.05,4.49,2147,55,2.9
EXP-0196,Dubai,AED,Guided Tours,SUP-035,61.45,227.59,4.39,3042,307,3.7
EXP-0197,Dubai,AED,Food Experiences,SUP-049,79.8,295.56,4.65,3969,39,9.5
EXP-0198,New York,USD,Food Experiences,SUP-024,78.42,78.42,4.51,2481,34,7.3
EXP-0199,Tokyo,JPY,Attraction Tickets,SUP-037,73.32,10943.28,3.96,988,208,5.5
EXP-0200,London,GBP,Cruises,SUP-002,106.3,83.7,4.49,3953,161,6.3
EXP-0201,Paris,EUR,Attraction Tickets,SUP-012,75.37,69.79,3.97,890,223,9.7
EXP-0202,Paris,EUR,Food Experiences,SUP-059,49.07,45.44,4.26,3850,353,4.7
EXP-0203,Paris,EUR,Cruises,SUP-001,127.45,118.01,4.44,2566,393,6.7
EXP-0204,Tokyo,JPY,Guided Tours,SUP-036,81.76,12202.99,4.2,3529,322,8.6
EXP-0205,Paris,EUR,Guided Tours,SUP-012,127.43,117.99,4.45,3762,217,5.4
EXP-0206,London,GBP,Attraction Tickets,SUP-042,68.44,53.89,4.49,3170,255,1.8
EXP-0207,Dubai,AED,Day Trips,SUP-029,102.15,378.33,4.47,2313,91,4.4
EXP-0208,Rome,EUR,Food Experiences,SUP-003,65.37,60.53,4.6,1683,390,2.2
EXP-0209,Dubai,AED,Food Experiences,SUP-033,82.57,305.81,4.3,569,183,1.8
EXP-0210,Rome,EUR,Food Experiences,SUP-040,106.9,98.98,4.58,845,288,4.1
EXP-0211,Dubai,AED,Attraction Tickets,SUP-058,85.83,317.89,4.18,3649,64,2.0
EXP-0212,Paris,EUR,Attraction Tickets,SUP-055,59.77,55.34,4.37,3490,235,4.9
EXP-0213,New York,USD,Attraction Tickets,SUP-026,87.97,87.97,4.72,3173,91,3.9
EXP-0214,Rome,EUR,Attraction Tickets,SUP-056,81.37,75.34,4.74,2181,335,9.8
EXP-0215,Dubai,AED,Food Experiences,SUP-049,44.52,164.89,4.59,1228,227,6.1
EXP-0216,Tokyo,JPY,Food Experiences,SUP-046,87.86,13113.43,3.8,1848,193,4.8
EXP-0217,Barcelona,EUR,Guided Tours,SUP-043,48.98,45.35,4.23,2290,316,5.3
EXP-0218,Rome,EUR,Shows & Musicals,SUP-056,53.87,49.88,4.62,3447,98,9.8
EXP-0219,New York,USD,Day Trips,SUP-023,210.43,210.43,4.15,200,109,1.9
EXP-0220,Barcelona,EUR,Attraction Tickets,SUP-014,37.68,34.89,4.67,1482,366,6.1
EXP-0221,Singapore,SGD,Attraction Tickets,SUP-045,77.04,104.11,4.95,2621,348,9.6
EXP-0222,Rome,EUR,Attraction Tickets,SUP-025,39.69,36.75,4.75,2498,379,4.7
EXP-0223,Barcelona,EUR,Day Trips,SUP-051,97.42,90.2,4.85,774,268,7.2
EXP-0224,Rome,EUR,Attraction Tickets,SUP-025,71.92,66.59,4.69,2871,375,3.1
EXP-0225,New York,USD,Day Trips,SUP-010,147.93,147.93,4.48,3749,185,10.0
EXP-0226,Paris,EUR,Day Trips,SUP-018,133.26,123.39,4.59,2946,245,3.4
EXP-0227,Singapore,SGD,Attraction Tickets,SUP-045,88.79,119.99,4.88,1997,360,5.5
EXP-0228,Singapore,SGD,Cruises,SUP-004,150.75,203.72,4.4,3617,182,6.9
EXP-0229,Rome,EUR,Shows & Musicals,SUP-056,88.24,81.7,4.59,3121,275,9.7
EXP-0230,Singapore,SGD,Guided Tours,SUP-022,121.21,163.8,4.51,220,299,5.4
EXP-0231,Dubai,AED,Shows & Musicals,SUP-006,64.43,238.63,4.78,1520,258,7.9
EXP-0232,Rome,EUR,Guided Tours,SUP-056,51.07,47.29,4.14,3217,78,3.2
EXP-0233,London,GBP,Day Trips,SUP-019,202.42,159.39,4.58,711,289,3.0
EXP-0234,New York,USD,Day Trips,SUP-024,92.11,92.11,4.54,1023,137,2.6
EXP-0235,Singapore,SGD,Shows & Musicals,SUP-045,57.69,77.96,4.22,991,317,7.9
EXP-0236,Paris,EUR,Guided Tours,SUP-055,122.06,113.02,4.34,1384,157,3.0
EXP-0237,Rome,EUR,Guided Tours,SUP-025,64.09,59.34,4.49,731,139,3.8
EXP-0238,Barcelona,EUR,Guided Tours,SUP-014,70.3,65.09,4.0,3607,109,8.0
EXP-0239,Paris,EUR,Day Trips,SUP-059,166.45,154.12,4.02,2509,399,6.7
EXP-0240,London,GBP,Food Experiences,SUP-052,94.36,74.3,4.77,3050,50,1.6
EXP-0241,Dubai,AED,Day Trips,SUP-029,131.1,485.56,4.58,3063,229,8.6
EXP-0242,Tokyo,JPY,Attraction Tickets,SUP-016,76.55,11425.37,4.08,3091,398,8.9
EXP-0243,Paris,EUR,Guided Tours,SUP-059,80.17,74.23,4.47,3295,250,9.5
EXP-0244,London,GBP,Day Trips,SUP-019,114.44,90.11,4.6,925,94,2.0
EXP-0245,Singapore,SGD,Guided Tours,SUP-060,123.41,166.77,4.34,2696,92,3.0
EXP-0246,Rome,EUR,Guided Tours,SUP-048,131.33,121.6,4.53,1225,277,8.4
EXP-0247,London,GBP,Guided Tours,SUP-017,136.45,107.44,4.54,61,183,5.2
EXP-0248,Singapore,SGD,Cruises,SUP-013,168.06,227.11,4.5,2962,337,3.3
EXP-0249,Singapore,SGD,Day Trips,SUP-004,219.11,296.09,4.59,866,99,5.9
EXP-0250,Singapore,SGD,Attraction Tickets,SUP-057,50.69,68.5,4.09,658,161,3.1
EXP-0251,Rome,EUR,Guided Tours,SUP-011,87.94,81.43,4.15,2124,264,7.4
EXP-0252,Rome,EUR,Guided Tours,SUP-056,80.34,74.39,4.56,323,113,7.7
EXP-0253,Paris,EUR,Attraction Tickets,SUP-055,55.44,51.33,4.14,728,90,5.4
EXP-0254,Rome,EUR,Cruises,SUP-011,187.06,173.2,4.4,2560,121,3.8
EXP-0255,Paris,EUR,Attraction Tickets,SUP-012,86.35,79.95,4.63,3722,105,8.7
EXP-0256,Singapore,SGD,Attraction Tickets,SUP-022,35.53,48.01,4.51,1756,317,3.3
EXP-0257,London,GBP,Food Experiences,SUP-052,98.63,77.66,4.9,2111,39,8.9
EXP-0258,Dubai,AED,Shows & Musicals,SUP-008,133.6,494.81,4.5,522,316,9.5
EXP-0259,Paris,EUR,Guided Tours,SUP-034,127.67,118.21,4.45,3938,303,8.5
EXP-0260,Rome,EUR,Guided Tours,SUP-048,51.78,47.94,4.13,1262,211,5.8
EXP-0261,Dubai,AED,Guided Tours,SUP-033,118.69,439.59,4.37,3200,113,7.8
EXP-0262,Barcelona,EUR,Day Trips,SUP-051,98.28,91.0,4.6,1837,385,7.6
EXP-0263,New York,USD,Food Experiences,SUP-054,61.4,61.4,4.47,2650,200,9.9
EXP-0264,Rome,EUR,Guided Tours,SUP-003,127.55,118.1,4.57,2085,319,4.8
EXP-0265,Dubai,AED,Food Experiences,SUP-058,57.6,213.33,4.44,861,148,6.7
EXP-0266,Barcelona,EUR,Cruises,SUP-050,63.42,58.72,4.12,3674,290,6.3
EXP-0267,Dubai,AED,Attraction Tickets,SUP-029,47.64,176.44,4.37,3011,31,4.9
EXP-0268,London,GBP,Attraction Tickets,SUP-052,73.73,58.06,4.46,2118,349,7.8
EXP-0269,Singapore,SGD,Attraction Tickets,SUP-060,59.53,80.45,4.38,3204,113,3.5
EXP-0270,London,GBP,Food Experiences,SUP-002,88.25,69.49,4.54,1511,302,6.0
EXP-0271,Paris,EUR,Guided Tours,SUP-018,104.04,96.33,4.76,108,357,8.4
EXP-0272,Paris,EUR,Day Trips,SUP-012,91.15,84.4,4.25,711,363,9.3
EXP-0273,New York,USD,Attraction Tickets,SUP-024,38.77,38.77,4.76,782,65,2.1
EXP-0274,Paris,EUR,Attraction Tickets,SUP-059,33.62,31.13,4.26,2950,240,8.1
EXP-0275,Paris,EUR,Food Experiences,SUP-034,82.89,76.75,4.45,3757,290,5.3
EXP-0276,Singapore,SGD,Day Trips,SUP-022,95.46,129.0,4.3,3134,119,2.8
EXP-0277,New York,USD,Cruises,SUP-023,106.23,106.23,4.67,2597,345,2.2
EXP-0278,Tokyo,JPY,Guided Tours,SUP-041,61.66,9202.99,4.31,2615,365,4.0
EXP-0279,Tokyo,JPY,Guided Tours,SUP-037,95.43,14243.28,4.93,1803,251,6.8
EXP-0280,Tokyo,JPY,Shows & Musicals,SUP-016,124.22,18540.3,4.34,2453,48,5.3
EXP-0281,Paris,EUR,Attraction Tickets,SUP-018,39.45,36.53,4.27,3336,302,3.5
EXP-0282,New York,USD,Day Trips,SUP-044,184.06,184.06,4.18,2180,209,6.8
EXP-0283,Singapore,SGD,Day Trips,SUP-060,149.3,201.76,4.22,3994,300,2.1
EXP-0284,London,GBP,Day Trips,SUP-031,208.25,163.98,4.67,2247,197,9.7
EXP-0285,Dubai,AED,Attraction Tickets,SUP-029,39.1,144.81,4.09,2364,20,5.2
EXP-0286,Barcelona,EUR,Shows & Musicals,SUP-051,53.54,49.57,4.42,3903,78,9.5
EXP-0287,Tokyo,JPY,Shows & Musicals,SUP-021,85.89,12819.4,4.42,1259,176,8.0
EXP-0288,Rome,EUR,Food Experiences,SUP-011,72.52,67.15,4.51,1988,342,10.0
EXP-0289,New York,USD,Guided Tours,SUP-023,65.04,65.04,4.54,2569,241,9.9
EXP-0290,Paris,EUR,Day Trips,SUP-059,165.85,153.56,3.97,1631,374,3.2
EXP-0291,London,GBP,Cruises,SUP-031,102.45,80.67,4.72,996,394,9.9
EXP-0292,Tokyo,JPY,Cruises,SUP-046,97.68,14579.1,4.22,2562,227,6.3
EXP-0293,Rome,EUR,Shows & Musicals,SUP-040,94.92,87.89,4.87,3238,146,4.3
EXP-0294,Dubai,AED,Attraction Tickets,SUP-006,80.28,297.33,4.17,263,106,8.0
EXP-0295,Tokyo,JPY,Attraction Tickets,SUP-037,45.56,6800.0,4.34,1050,269,3.8
EXP-0296,Singapore,SGD,Attraction Tickets,SUP-004,62.81,84.88,4.46,128,342,2.8
EXP-0297,Dubai,AED,Guided Tours,SUP-033,84.29,312.19,4.85,1829,325,9.1
EXP-0298,Rome,EUR,Attraction Tickets,SUP-003,83.75,77.55,4.41,2739,77,3.2
EXP-0299,New York,USD,Shows & Musicals,SUP-032,115.94,115.94,4.23,3490,207,4.1
EXP-0300,Tokyo,JPY,Guided Tours,SUP-037,62.44,9319.4,4.68,455,153,7.5
