month,channel,spend_usd
2024-07,paid_search,18000
2024-07,social,12000
2024-07,affiliates,6000
2024-07,email,2000
2024-07,organic,0
2024-07,referral,0
2024-08,paid_search,18000
2024-08,social,12000
2024-08,affiliates,6000
2024-08,email,2000
2024-08,organic,0
2024-08,referral,0
2024-09,paid_search,18000
2024-09,social,12000
2024-09,affiliates,6000
2024-09,email,2000
2024-09,organic,0
2024-09,referral,0
2024-10,paid_search,18000
2024-10,social,12000
2024-10,affiliates,6000
2024-10,email,2000
2024-10,organic,0
2024-10,referral,0
2024-11,paid_search,18000
2024-11,social,12000
2024-11,affiliates,6000
2024-11,email,2000
2024-11,organic,0
2024-11,referral,0
2024-12,paid_search,18000
2024-12,social,12000
2024-12,affiliates,6000
2024-12,email,2000
2024-12,organic,0
2024-12,referral,0
2025-01,paid_search,18000
2025-01,social,12000
2025-01,affiliates,6000
2025-01,email,2000
2025-01,organic,0
2025-01,referral,0
2025-02,paid_search,18000
2025-02,social,12000
2025-02,affiliates,6000
2025-02,email,2000
2025-02,organic,0
2025-02,referral,0
2025-03,paid_search,18000
2025-03,social,12000
2025-03,affiliates,6000
2025-03,email,2000
2025-03,organic,0
2025-03,referral,0
2025-04,paid_search,18000
2025-04,social,12000
2025-04,affiliates,6000
2025-04,email,2000
2025-04,organic,0
2025-04,referral,0
2025-05,paid_search,18000
2025-05,social,12000
2025-05,affiliates,6000
2025-05,email,2000
2025-05,organic,0
2025-05,referral,0
2025-06,paid_search,18000
2025-06,social,12000
2025-06,affiliates,6000
2025-06,email,2000
2025-06,organic,0
2025-06,referral,0
